2026-01-02,cybersecurity government,GrokAI faces flak over gross misuse of Gen AI to edit pictures of women on X platform,"AI misuse on X: GrokAI faces criticism as users exploit generative AI to undress women, raising privacy risks, moderation failures, and calls for regulation.",https://www.deccanherald.com/technology/artificial-intelligence/grokai-faces-flak-over-gross-misuse-of-gen-ai-to-edit-pictures-of-women-on-x-platform-3849196
2026-01-02,cybersecurity government,"Legislation, loopholes, and loose ends — what does 2026 hold for the VPN industry?","Looking to the year ahead, where does the industry go next?",https://www.techradar.com/vpn/vpn-services/legislation-loopholes-and-loose-ends-what-does-2026-hold-for-the-vpn-industry
2026-01-02,cybersecurity government,"From experiment to production, AI settles into embedded software development","AI-generated code is already running inside devices that control power grids, medical equipment, vehicles, and industrial plants. AI moves from experiment to production AI tools have become standard in embedded development workflows. More than 80% of respondents to a new RunSafe Security survey say they currently use AI to assist with tasks such as code generation, testing, or documentation. Another 20% say they are actively evaluating AI. No respondents report avoiding AI entirely. The study ... More →The post From experiment to production, AI settles into embedded software development appeared first on Help Net Security.",https://www.helpnetsecurity.com/2026/01/02/ai-embedded-systems-development/
2026-01-02,cybersecurity government,NDPC: Rebuilding trust in Nigeria’s digital space,"Learn how the Nigeria Data Protection Commission (NDPC) is enforcing new laws to rebuild trust, fight identity theft, and create a safer digital space forRead More: https://punchng.com/ndpc-rebuilding-trust-in-nigerias-digital-space/",https://punchng.com/ndpc-rebuilding-trust-in-nigerias-digital-space/
2026-01-02,cybersecurity government,Top 10 Cloud Workload Protection Platforms (CWPP) in 2026,"Explore the top cloud workload protection platforms for 2026, comparing leading CWPP platforms, cloud security trends, and cybersecurity insights.",https://www.analyticsinsight.net/cloud-security/top-10-cloud-workload-protection-platforms-cwpp-in-2026
2026-01-02,cybersecurity government,"Tech Events, Digital Investments Propel Qatar's Economy","(MENAFN - The Peninsula)Joel Johnson|The Peninsula DOHA: The Qatar technology market is valued at $1.2bn, based on a five-year historical analysis from 2025 to 2030, according to a recent report ...",https://menafn.com/1110547167/Tech-Events-Digital-Investments-Propel-Qatars-Economy
2026-01-02,cybersecurity government,"2025 Cyber Threats: AI Attacks, Ransomware, and Geopolitical Risks","In 2025, tech security faced escalating threats like Salt Typhoon cyber operations, AI-driven attacks, quantum vulnerabilities, and ransomware targeting critical infrastructure and healthcare. Geopolitical espionage and supply chain compromises amplified risks. Experts urge proactive vigilance, personal responsibility, and innovative defenses to safeguard against evolving dangers in 2026.",https://www.webpronews.com/2025-cyber-threats-ai-attacks-ransomware-and-geopolitical-risks/
2026-01-02,cybersecurity government,"Denmark Ends Traditional Letter Delivery, First Nation to Go Digital in 2025","Denmark's PostNord ceased traditional letter delivery on December 30, 2025, becoming the first nation to do so due to a 90% drop in mail volume from digitalization. This shift prioritizes parcel services amid e-commerce growth, sparking nostalgia and concerns for the elderly. It sets a precedent for global postal evolution.",https://www.webpronews.com/denmark-ends-traditional-letter-delivery-first-nation-to-go-digital-in-2025/
2026-01-02,cybersecurity government,How the defence sector is battling a skills crisis,Attracting younger workers into the defence industry can be challenging.,https://www.bbc.com/news/articles/clyd1lpp1lyo
2026-01-02,cybersecurity government,SharePoint 'ToolShell' Vulnerabilities Exploited by Chinese Nation-State Hackers,"Microsoft has observed three China-based threat actors, Linen Typhoon, Violet Typhoon and Storm-2603, exploiting the SharePoint vulnerabilities",https://www.infosecurity-magazine.com/news/sharepoint-toolshell-chinese/
2026-01-02,cybersecurity regulations,GrokAI faces flak over gross misuse of Gen AI to edit pictures of women on X platform,"AI misuse on X: GrokAI faces criticism as users exploit generative AI to undress women, raising privacy risks, moderation failures, and calls for regulation.",https://www.deccanherald.com/technology/artificial-intelligence/grokai-faces-flak-over-gross-misuse-of-gen-ai-to-edit-pictures-of-women-on-x-platform-3849196
2026-01-02,cybersecurity regulations,"AI in Renewable Energy Market Set for Strong Growth to USD 4.85 Billion by 2032, Led by Asia Pacific's 40% Market Share | DataM Intelligence","The Global AI in Renewable Energy Market reached USD 0.85 billion in 2024 and is expected to reach USD 4.85 billion by 2032, growing at a strong CAGR of 24.32% during the forecast period 2025-2032.Market growth is driven by the",https://www.openpr.com/news/4333889/ai-in-renewable-energy-market-set-for-strong-growth-to-usd-4-85
2026-01-02,cybersecurity regulations,Hospitals are drowning in threats they can’t triage,"Healthcare is facing a rise in cyber threats driven by vulnerable medical devices, growing data exposure, and AI adoption. This article outlines the pressures, gaps, and decisions shaping healthcare’s security future. Data brokers are exposing medical professionals, and turning their personal lives into open files Large amounts of personal information about medical professionals are available on people search sites. A new analysis shows how much data about doctors appears online and how easily it can ... More →The post Hospitals are drowning in threats they can’t triage appeared first on Help Net Security.",https://www.helpnetsecurity.com/2026/01/02/ai-threats-in-healthcare/
2026-01-02,cybersecurity regulations,NDPC: Rebuilding trust in Nigeria’s digital space,"Learn how the Nigeria Data Protection Commission (NDPC) is enforcing new laws to rebuild trust, fight identity theft, and create a safer digital space forRead More: https://punchng.com/ndpc-rebuilding-trust-in-nigerias-digital-space/",https://punchng.com/ndpc-rebuilding-trust-in-nigerias-digital-space/
2026-01-02,cybersecurity regulations,"Trump Lifts Sanctions on Intellexa Spyware Executives, Reversing Biden Measures","The Trump administration lifted sanctions on three executives from spyware firm Intellexa, reversing Biden-era measures against their role in promoting invasive tools like Predator used by authoritarian regimes. This decision sparks debates on cybersecurity, privacy risks, and potential deregulation, amid calls for greater transparency and oversight.",https://www.webpronews.com/trump-lifts-sanctions-on-intellexa-spyware-executives-reversing-biden-measures/
2026-01-02,cybersecurity regulations,"Top 5 Tech Regulation Trends To Watch Out For In 2026: AI Governance, Data Privacy And More","From artificial intelligence governance to youth online safety rules, the global approach to technology oversight is gaining momentum. Industry experts and analysts said 2026 will likely mark a clear shift from abstract tech regulation to mix of operational accountability and self-regulation. Here are five tech regulation trends investors should track next year.AI Governance Adds ComplexityAfter years of voluntary frameworks, AI oversight is becoming enforceable law. Europe has led the way with comprehensive AI rules, while China continues to impose algorithm registration and content controls. The U.S. and other regions are relying on existing consumer protection, antitrust, and civil rights laws to govern AI use. President Donald Trump signed an executive order earlier this month, issuing a single regulation framework for AI and undermining the power of individual states. Why it matters: Companies deploying AI in high-risk areas such as hiring, lending, healthcare, and surveillance face rising compliance and liability risks. Large technology firms with scale and legal resources may benefit, while smaller AI startups could struggle.“I expect that U.S. states will continue to enact AI regulations in absence of additional rule-making at the US federal level, which will create added complexity for firms,” said Robert Cruz, VP of Regulatory and Information Governance at software firm Smarsh. Beyond how AI systems behave, scrutiny is shifting toward what data models are trained on and whether companies can prove they had the right to use it. Nirav Murthy, co-founder and co-CEO of Camp Network, said the next phase of AI governance will focus less on model safety and more on documentation and enforceability.“In 2026, the biggest pressure point in AI won't be a debate about model safety,” Murthy said. “It’ll be about rights and receipts—what you trained on, whether you had permission, and whether you can prove it.”The regulatory shift has implications for large AI deployers and platforms such as Microsoft Full story available on Benzinga.com",https://www.benzinga.com/markets/tech/26/01/49660175/top-5-tech-regulation-trends-to-watch-out-for-in-2026-ai-governance-data-privacy-and-more
2026-01-02,cybersecurity regulations,Trump Admin Lifts Sanctions on Ex-Intellexa Execs Linked to Predator Spyware,"The Trump administration lifted U.S. sanctions on three executives formerly tied to Intellexa, citing their separation from the spyware firm behind Predator software, which enabled unauthorized surveillance. This reversal, amid sparse details, sparks debates on transparency, geopolitical influences, and weakening cyber oversight.",https://www.webpronews.com/trump-admin-lifts-sanctions-on-ex-intellexa-execs-linked-to-predator-spyware/
2026-01-02,cybersecurity regulations,BDSLCCI Framework 2026: Expanded Cybersecurity Tools And Guidelines For Small And Medium Businesses,"(MENAFN - EIN Presswire) EINPresswire/ -- In 2025, several authoritative studies highlighted the growing vulnerability of small and medium-sized businesses (SMBs) to cyber threats worldwide. ...",https://menafn.com/1110545981/BDSLCCI-Framework-2026-Expanded-Cybersecurity-Tools-And-Guidelines-For-Small-And-Medium-Businesses
2026-01-02,cybersecurity regulations,11 in-demand cloud roles companies are hiring for,"Organizations continue to invest heavily in cloud solutions heading into 2026, with the goal of improving employee productivity (31%), accelerating adoption of AI and ML (13%), and improving security and governance in the organization (30%), according to the 2025 CIO Cloud Computing Study from Foundry.The survey found that 70% of IT decision makers agree their organization has accelerated cloud migration in the past 12 months compared to 62% in 2024 and 57% in 2023. Additionally, 70% said their organization defaults to cloud-based services when upgrading or purchasing new technology, and 71% said cloud investments have helped their organization sustain an increase in revenue over the past 12 months. srcset=""https://b2b-contenthub.com/wp-content/uploads/2025/12/11-Roles-Foundry-Cloud-2025.jpg?quality=50&strip=all 1200w, https://b2b-contenthub.com/wp-content/uploads/2025/12/11-Roles-Foundry-Cloud-2025.jpg?resize=300%2C168&quality=50&strip=all 300w, https://b2b-contenthub.com/wp-content/uploads/2025/12/11-Roles-Foundry-Cloud-2025.jpg?resize=768%2C432&quality=50&strip=all 768w, https://b2b-contenthub.com/wp-content/uploads/2025/12/11-Roles-Foundry-Cloud-2025.jpg?resize=1024%2C576&quality=50&strip=all 1024w, https://b2b-contenthub.com/wp-content/uploads/2025/12/11-Roles-Foundry-Cloud-2025.jpg?resize=150%2C84&quality=50&strip=all 150w, https://b2b-contenthub.com/wp-content/uploads/2025/12/11-Roles-Foundry-Cloud-2025.jpg?resize=854%2C480&quality=50&strip=all 854w, https://b2b-contenthub.com/wp-content/uploads/2025/12/11-Roles-Foundry-Cloud-2025.jpg?resize=640%2C360&quality=50&strip=all 640w, https://b2b-contenthub.com/wp-content/uploads/2025/12/11-Roles-Foundry-Cloud-2025.jpg?resize=444%2C250&quality=50&strip=all 444w"" width=""854"" height=""480"" sizes=""auto, (max-width: 854px) 100vw, 854px"">FoundryThis growth in cloud adoption has also sparked an increased demand for certain cloud roles. Here are some that companies are most likely to have added to support their cloud investments, according to Foundry’s research.Security architectSecurity architects are responsible for building, designing, and implementing security solutions in the organization to keep IT infrastructure secure. For security architects working in a cloud environment, the focus is on designing and implementing security solutions that protect cloud-based infrastructure, data, and applications.Skills: Security architecture design, network security, security compliance and governance, incident response and forensics, data encryption, identity and access management (IAM), automation, and DevSecOps.Role growth: 22% of businesses have added security architect roles as part of their cloud investments.Cloud systems administratorCloud systems administrators are charged with overseeing the general maintenance and management of cloud infrastructure. Whether that means implementing cloud-based policies, deploying patches and updates, or analyzing network performance, these IT pros are skilled at navigating virtualized environments.Skills: An understanding of implementation and integration, security, configuration, and knowledge of popular cloud software tools such as Azure, AWS, GCP, Exchange, and Office 365.Role growth: 22% of companies have added cloud systems admin roles as part of their cloud investments.Data architectA data architect’s focus is seeing that an organization’s data is structured so it can be easily accessed, secured, and efficiently stored, and that it meets business needs. Data has become a primary way for businesses to conduct analysis and assist with business decision-making, and most of that data is now stored in the cloud.Skills: Data warehousing, scalability and performance optimization, automation and virtualization, data governance and cloud security, data migration, and knowledge of hybrid cloud solutions.Role growth: 22% of businesses have added data architect roles as part of their cloud investments.Cloud governance/compliance managerCloud governance and compliance managers help companies navigate the complexities of security, governance, international regulation, and internal policies. They identify potential risks, implement automated tools to oversee security and compliance, and help businesses maintain secure cloud operations.Skills: A strong knowledge of regulatory policies such as GDPR, HIPAA, PCI DSS, and other international data protection laws. Additional skills include knowledge of tools such as CSPM, Azure, AWS, Microsoft Purview Compliance Manager, and other IT governance tools.Role growth: 20% of businesses have added cloud governance and compliance manager roles as part of their cloud investments.Security engineerSecurity engineers are tasked with overseeing the security of an organization’s systems, networks, and data, to make sure they’re protected from cybersecurity threats. For organizations investing in the cloud, security engineers can help ensure services, applications, and data running on cloud platforms are secure and compliant with any government regulations.Skills: Network security, IAM, encryption, vulnerability management, security architecture, cloud security, automation, and infrastructure design and optimization.Role growth: 19% of companies have added security engineer roles as part of their cloud investments.Cloud product managerWith cloud adoption often comes an increase in in-house development of cloud-based services. A cloud product manager can help cloud teams develop effective solutions aimed at fulfilling business objectives. They’re also tasked with using their deep understanding of product management within the cloud environment to work closely with key stakeholders, identify and define requirements from users or customers, develop product roadmaps, and oversee the QA process to gain feedback on how to improve product offerings. Skills: Product management, UX design, communication and collaboration, and a strong technical background.Role growth: 19% of organizations have added cloud product manager roles as part of their cloud investments.Cloud consultantWith the rapid adoption and move to the cloud, organizations look for professionals who can leverage cloud technologies to meet business needs, grow the business, and improve efficiency. These pros are cloud experts and stay on top of latest innovations in cloud technology to better advise business leaders.Skills: Knowledge of architecture and solution design, DevOps, automation, project management, cloud security, compliance, cloud migration, and knowledge of popular cloud platforms.Role growth: 18% of companies have added cloud consultants as part of their cloud investments.DevOps engineerDevOps focuses on blending IT operations with the development process to improve IT systems and act as a go-between in maintaining the flow of communication between coding and engineering teams. It’s a role that focuses on the deployment of automated applications, maintenance of IT and cloud infrastructure, and identifying potential risks and benefits of new software and systems.Skills: Automation, Linux, QA testing, security, containerization, and knowledge of programming languages such as Java and Ruby.Role growth: 17% of companies have added DevOps engineer roles as part of their cloud investments.FinOps/cloud cost optimization practitionerFinOps and cloud cost optimization practitioners combine knowledge of finance, technology, and businesses to help oversee the increasingly complex landscape of cloud investments. Cloud computing is integral to AI, so as more organizations invest in it, they’re also revisiting investments in cloud infrastructure. FinOps and cloud cost optimization practitioners can help guide organizations to make the right financial decisions around technology investments that’ll impact the business.Skills: Knowledge of finance, business, and technology along with skills using tools and platforms including AWS, Azure, GCP, and cloud-native FinOps platforms.Role growth: 16% of companies have added FinOps and cloud cost optimization practitioner roles as part of their cloud investments.FinOps lead/FinOps managerFinOps leads and FinOps managers are tasked with overseeing the intersection of engineering, finance, and business. As more organizations build cloud services and tools, they look for FinOps professionals with technical knowledge to help bridge the gap between finance and tech, bringing better insights into ways to cut costs and stay on budget while implementing innovative technology.Skills: A strong understanding of engineering, finance, and technology. Additional skills include knowledge of cloud platforms, basic coding skills, and data analytics.Role growth: 15% of companies have added FinOps lead and FinOps manager roles as part of their cloud investments.Site reliability engineer (SRE)For any organization implementing cloud strategies, there’s a significant focus on reliability and scalability, ensuring that data can be accessed from the cloud and on-demand as needed. Site reliability engineers are responsible for overseeing automation of IT infrastructure, application monitoring, and system management. Cloud infrastructure requires frequent software updates, and services must be able to scale with the organization’s growth.Skills: Change management, IT infrastructure management, emergency incident response, process improvement, and application monitoring.Role growth: 10% of companies have added site reliability engineer roles as part of their cloud investments.",https://www.cio.com/article/1260016/14-in-demand-cloud-roles-companies-are-hiring-for.html
2026-01-02,cybersecurity regulations,Will 2026 be another challenging year for technology?,"SMBs will be looking at how they can prepare for the challenges ahead, from global regulations to AI implementation to digital IDs...",https://www.itpro.com/technology/will-2026-be-another-challenging-year-for-technology
